recommendation_id,user_id,category,message,severity,generated_at
1,1,Electricity,Reduce electricity usage during peak hours,Low,2026-02-10 19:49:57.906116
2,2,Electricity,Reduce electricity usage during peak hours,Medium,2026-02-10 19:49:57.906120
3,3,Electricity,Reduce electricity usage during peak hours,Low,2026-02-10 19:49:57.906122
4,4,Electricity,Reduce electricity usage during peak hours,Medium,2026-02-10 19:49:57.906123
5,5,Electricity,Reduce electricity usage during peak hours,High,2026-02-10 19:49:57.906123
6,6,Electricity,Reduce electricity usage during peak hours,High,2026-02-10 19:49:57.906124
7,7,Electricity,Reduce electricity usage during peak hours,Medium,2026-02-10 19:49:57.906125
8,8,Electricity,Reduce electricity usage during peak hours,High,2026-02-10 19:49:57.906126
9,9,Electricity,Reduce electricity usage during peak hours,Low,2026-02-10 19:49:57.906127
10,10,Electricity,Reduce electricity usage during peak hours,Low,2026-02-10 19:49:57.906127
11,11,Electricity,Reduce electricity usage during peak hours,Medium,2026-02-10 19:49:57.906128
12,12,Electricity,Reduce electricity usage during peak hours,Medium,2026-02-10 19:49:57.906129
13,13,Electricity,Reduce electricity usage during peak hours,Low,2026-02-10 19:49:57.906129
14,14,Electricity,Reduce electricity usage during peak hours,Medium,2026-02-10 19:49:57.906130
15,15,Electricity,Reduce electricity usage during peak hours,High,2026-02-10 19:49:57.906131
16,16,Electricity,Reduce electricity usage during peak hours,Low,2026-02-10 19:49:57.906132
17,17,Electricity,Reduce electricity usage during peak hours,Medium,2026-02-10 19:49:57.906132
18,18,Electricity,Reduce electricity usage during peak hours,Low,2026-02-10 19:49:57.906133
19,19,Electricity,Reduce electricity usage during peak hours,Medium,2026-02-10 19:49:57.906134
20,20,Electricity,Reduce electricity usage during peak hours,Low,2026-02-10 19:49:57.906135
21,21,Electricity,Reduce electricity usage during peak hours,Medium,2026-02-10 19:49:57.906135
22,22,Electricity,Reduce electricity usage during peak hours,Medium,2026-02-10 19:49:57.906136
23,23,Electricity,Reduce electricity usage during peak hours,Medium,2026-02-10 19:49:57.906137
24,24,Electricity,Reduce electricity usage during peak hours,High,2026-02-10 19:49:57.906137
25,25,Electricity,Reduce electricity usage during peak hours,Low,2026-02-10 19:49:57.906138
26,26,Electricity,Reduce electricity usage during peak hours,Low,2026-02-10 19:49:57.906139
27,27,Electricity,Reduce electricity usage during peak hours,Medium,2026-02-10 19:49:57.906139
28,28,Electricity,Reduce electricity usage during peak hours,Low,2026-02-10 19:49:57.906140
29,29,Electricity,Reduce electricity usage during peak hours,Low,2026-02-10 19:49:57.906141
30,30,Electricity,Reduce electricity usage during peak hours,Low,2026-02-10 19:49:57.906141
31,31,Electricity,Reduce electricity usage during peak hours,Low,2026-02-10 19:49:57.906142
32,32,Electricity,Reduce electricity usage during peak hours,Medium,2026-02-10 19:49:57.906143
33,33,Electricity,Reduce electricity usage during peak hours,Medium,2026-02-10 19:49:57.906143
34,34,Electricity,Reduce electricity usage during peak hours,Medium,2026-02-10 19:49:57.906144
35,35,Electricity,Reduce electricity usage during peak hours,High,2026-02-10 19:49:57.906145
36,36,Electricity,Reduce electricity usage during peak hours,High,2026-02-10 19:49:57.906146
37,37,Electricity,Reduce electricity usage during peak hours,High,2026-02-10 19:49:57.906146
38,38,Electricity,Reduce electricity usage during peak hours,High,2026-02-10 19:49:57.906147
39,39,Electricity,Reduce electricity usage during peak hours,Medium,2026-02-10 19:49:57.906148
40,40,Electricity,Reduce electricity usage during peak hours,Medium,2026-02-10 19:49:57.906148
41,41,Electricity,Reduce electricity usage during peak hours,Medium,2026-02-10 19:49:57.906149
42,42,Electricity,Reduce electricity usage during peak hours,Low,2026-02-10 19:49:57.906150
43,43,Electricity,Reduce electricity usage during peak hours,High,2026-02-10 19:49:57.906151
44,44,Electricity,Reduce electricity usage during peak hours,Low,2026-02-10 19:49:57.906151
45,45,Electricity,Reduce electricity usage during peak hours,High,2026-02-10 19:49:57.906152
46,46,Electricity,Reduce electricity usage during peak hours,Low,2026-02-10 19:49:57.906153
47,47,Electricity,Reduce electricity usage during peak hours,High,2026-02-10 19:49:57.906159
48,48,Electricity,Reduce electricity usage during peak hours,Low,2026-02-10 19:49:57.906160
49,49,Electricity,Reduce electricity usage during peak hours,Low,2026-02-10 19:49:57.906161
50,50,Electricity,Reduce electricity usage during peak hours,Low,2026-02-10 19:49:57.906162
51,51,Electricity,Reduce electricity usage during peak hours,Medium,2026-02-10 19:49:57.906162
52,52,Electricity,Reduce electricity usage during peak hours,Medium,2026-02-10 19:49:57.906163
53,53,Electricity,Reduce electricity usage during peak hours,High,2026-02-10 19:49:57.906164
54,54,Electricity,Reduce electricity usage during peak hours,High,2026-02-10 19:49:57.906165
55,55,Electricity,Reduce electricity usage during peak hours,Medium,2026-02-10 19:49:57.906165
56,56,Electricity,Reduce electricity usage during peak hours,Medium,2026-02-10 19:49:57.906166
57,57,Electricity,Reduce electricity usage during peak hours,Low,2026-02-10 19:49:57.906167
58,58,Electricity,Reduce electricity usage during peak hours,Low,2026-02-10 19:49:57.906167
59,59,Electricity,Reduce electricity usage during peak hours,Low,2026-02-10 19:49:57.906168
60,60,Electricity,Reduce electricity usage during peak hours,High,2026-02-10 19:49:57.906169
61,61,Electricity,Reduce electricity usage during peak hours,High,2026-02-10 19:49:57.906170
62,62,Electricity,Reduce electricity usage during peak hours,Medium,2026-02-10 19:49:57.906170
63,63,Electricity,Reduce electricity usage during peak hours,High,2026-02-10 19:49:57.906171
64,64,Electricity,Reduce electricity usage during peak hours,High,2026-02-10 19:49:57.906172
65,65,Electricity,Reduce electricity usage during peak hours,High,2026-02-10 19:49:57.906173
66,66,Electricity,Reduce electricity usage during peak hours,Medium,2026-02-10 19:49:57.906174
67,67,Electricity,Reduce electricity usage during peak hours,High,2026-02-10 19:49:57.906174
68,68,Electricity,Reduce electricity usage during peak hours,Medium,2026-02-10 19:49:57.906175
69,69,Electricity,Reduce electricity usage during peak hours,Low,2026-02-10 19:49:57.906176
70,70,Electricity,Reduce electricity usage during peak hours,Medium,2026-02-10 19:49:57.906176
71,71,Electricity,Reduce electricity usage during peak hours,Low,2026-02-10 19:49:57.906177
72,72,Electricity,Reduce electricity usage during peak hours,High,2026-02-10 19:49:57.906178
73,73,Electricity,Reduce electricity usage during peak hours,Medium,2026-02-10 19:49:57.906178
74,74,Electricity,Reduce electricity usage during peak hours,Low,2026-02-10 19:49:57.906179
75,75,Electricity,Reduce electricity usage during peak hours,Medium,2026-02-10 19:49:57.906180
76,76,Electricity,Reduce electricity usage during peak hours,High,2026-02-10 19:49:57.906180
77,77,Electricity,Reduce electricity usage during peak hours,Low,2026-02-10 19:49:57.906181
78,78,Electricity,Reduce electricity usage during peak hours,Low,2026-02-10 19:49:57.906183
79,79,Electricity,Reduce electricity usage during peak hours,High,2026-02-10 19:49:57.906184
80,80,Electricity,Reduce electricity usage during peak hours,High,2026-02-10 19:49:57.906184
81,81,Electricity,Reduce electricity usage during peak hours,High,2026-02-10 19:49:57.906185
82,82,Electricity,Reduce electricity usage during peak hours,Low,2026-02-10 19:49:57.906186
83,83,Electricity,Reduce electricity usage during peak hours,High,2026-02-10 19:49:57.906186
84,84,Electricity,Reduce electricity usage during peak hours,Low,2026-02-10 19:49:57.906187
85,85,Electricity,Reduce electricity usage during peak hours,Medium,2026-02-10 19:49:57.906188
86,86,Electricity,Reduce electricity usage during peak hours,Medium,2026-02-10 19:49:57.906188
87,87,Electricity,Reduce electricity usage during peak hours,Low,2026-02-10 19:49:57.906189
88,88,Electricity,Reduce electricity usage during peak hours,Low,2026-02-10 19:49:57.906190
89,89,Electricity,Reduce electricity usage during peak hours,Low,2026-02-10 19:49:57.906190
90,90,Electricity,Reduce electricity usage during peak hours,Medium,2026-02-10 19:49:57.906193
91,91,Electricity,Reduce electricity usage during peak hours,Medium,2026-02-10 19:49:57.906194
92,92,Electricity,Reduce electricity usage during peak hours,High,2026-02-10 19:49:57.906194
93,93,Electricity,Reduce electricity usage during peak hours,High,2026-02-10 19:49:57.906195
94,94,Electricity,Reduce electricity usage during peak hours,High,2026-02-10 19:49:57.906196
95,95,Electricity,Reduce electricity usage during peak hours,High,2026-02-10 19:49:57.906197
96,96,Electricity,Reduce electricity usage during peak hours,High,2026-02-10 19:49:57.906198
97,97,Electricity,Reduce electricity usage during peak hours,High,2026-02-10 19:49:57.906199
98,98,Electricity,Reduce electricity usage during peak hours,Low,2026-02-10 19:49:57.906199
99,99,Electricity,Reduce electricity usage during peak hours,High,2026-02-10 19:49:57.906200
100,100,Electricity,Reduce electricity usage during peak hours,High,2026-02-10 19:49:57.906201
101,101,Electricity,Reduce electricity usage during peak hours,High,2026-02-10 19:49:57.906201
102,102,Electricity,Reduce electricity usage during peak hours,Medium,2026-02-10 19:49:57.906202
103,103,Electricity,Reduce electricity usage during peak hours,High,2026-02-10 19:49:57.906203
104,104,Electricity,Reduce electricity usage during peak hours,Medium,2026-02-10 19:49:57.906203
105,105,Electricity,Reduce electricity usage during peak hours,High,2026-02-10 19:49:57.906204
106,106,Electricity,Reduce electricity usage during peak hours,Low,2026-02-10 19:49:57.906205
107,107,Electricity,Reduce electricity usage during peak hours,Medium,2026-02-10 19:49:57.906205
108,108,Electricity,Reduce electricity usage during peak hours,Low,2026-02-10 19:49:57.906206
109,109,Electricity,Reduce electricity usage during peak hours,Low,2026-02-10 19:49:57.906207
110,110,Electricity,Reduce electricity usage during peak hours,High,2026-02-10 19:49:57.906208
111,111,Electricity,Reduce electricity usage during peak hours,Medium,2026-02-10 19:49:57.906209
112,112,Electricity,Reduce electricity usage during peak hours,High,2026-02-10 19:49:57.906210
113,113,Electricity,Reduce electricity usage during peak hours,Low,2026-02-10 19:49:57.906211
114,114,Electricity,Reduce electricity usage during peak hours,Low,2026-02-10 19:49:57.906211
115,115,Electricity,Reduce electricity usage during peak hours,High,2026-02-10 19:49:57.906212
116,116,Electricity,Reduce electricity usage during peak hours,Low,2026-02-10 19:49:57.906212
117,117,Electricity,Reduce electricity usage during peak hours,Medium,2026-02-10 19:49:57.906213
118,118,Electricity,Reduce electricity usage during peak hours,Medium,2026-02-10 19:49:57.906214
119,119,Electricity,Reduce electricity usage during peak hours,Medium,2026-02-10 19:49:57.906214
120,120,Electricity,Reduce electricity usage during peak hours,Low,2026-02-10 19:49:57.906215
121,121,Electricity,Reduce electricity usage during peak hours,Low,2026-02-10 19:49:57.906216
122,122,Electricity,Reduce electricity usage during peak hours,Medium,2026-02-10 19:49:57.906216
123,123,Electricity,Reduce electricity usage during peak hours,High,2026-02-10 19:49:57.906217
124,124,Electricity,Reduce electricity usage during peak hours,Medium,2026-02-10 19:49:57.906218
125,125,Electricity,Reduce electricity usage during peak hours,High,2026-02-10 19:49:57.906218
126,126,Electricity,Reduce electricity usage during peak hours,Low,2026-02-10 19:49:57.906219
127,127,Electricity,Reduce electricity usage during peak hours,Low,2026-02-10 19:49:57.906220
128,128,Electricity,Reduce electricity usage during peak hours,High,2026-02-10 19:49:57.906220
129,129,Electricity,Reduce electricity usage during peak hours,Low,2026-02-10 19:49:57.906221
130,130,Electricity,Reduce electricity usage during peak hours,Medium,2026-02-10 19:49:57.906222
131,131,Electricity,Reduce electricity usage during peak hours,High,2026-02-10 19:49:57.906223
132,132,Electricity,Reduce electricity usage during peak hours,Medium,2026-02-10 19:49:57.906224
133,133,Electricity,Reduce electricity usage during peak hours,Medium,2026-02-10 19:49:57.906225
134,134,Electricity,Reduce electricity usage during peak hours,Medium,2026-02-10 19:49:57.906225
135,135,Electricity,Reduce electricity usage during peak hours,High,2026-02-10 19:49:57.906226
136,136,Electricity,Reduce electricity usage during peak hours,Low,2026-02-10 19:49:57.906227
137,137,Electricity,Reduce electricity usage during peak hours,Medium,2026-02-10 19:49:57.906228
138,138,Electricity,Reduce electricity usage during peak hours,High,2026-02-10 19:49:57.906228
139,139,Electricity,Reduce electricity usage during peak hours,Medium,2026-02-10 19:49:57.906229
140,140,Electricity,Reduce electricity usage during peak hours,Low,2026-02-10 19:49:57.906230
141,141,Electricity,Reduce electricity usage during peak hours,Medium,2026-02-10 19:49:57.906230
142,142,Electricity,Reduce electricity usage during peak hours,Low,2026-02-10 19:49:57.906231
143,143,Electricity,Reduce electricity usage during peak hours,Medium,2026-02-10 19:49:57.906232
144,144,Electricity,Reduce electricity usage during peak hours,Low,2026-02-10 19:49:57.906232
145,145,Electricity,Reduce electricity usage during peak hours,Low,2026-02-10 19:49:57.906233
146,146,Electricity,Reduce electricity usage during peak hours,Low,2026-02-10 19:49:57.906234
147,147,Electricity,Reduce electricity usage during peak hours,High,2026-02-10 19:49:57.906234
148,148,Electricity,Reduce electricity usage during peak hours,High,2026-02-10 19:49:57.906235
149,149,Electricity,Reduce electricity usage during peak hours,Medium,2026-02-10 19:49:57.906236
150,150,Electricity,Reduce electricity usage during peak hours,Low,2026-02-10 19:49:57.906237
151,151,Electricity,Reduce electricity usage during peak hours,Medium,2026-02-10 19:49:57.906238
152,152,Electricity,Reduce electricity usage during peak hours,Medium,2026-02-10 19:49:57.906238
153,153,Electricity,Reduce electricity usage during peak hours,Medium,2026-02-10 19:49:57.906239
154,154,Electricity,Reduce electricity usage during peak hours,Low,2026-02-10 19:49:57.906240
155,155,Electricity,Reduce electricity usage during peak hours,High,2026-02-10 19:49:57.906240
156,156,Electricity,Reduce electricity usage during peak hours,Low,2026-02-10 19:49:57.906241
157,157,Electricity,Reduce electricity usage during peak hours,High,2026-02-10 19:49:57.906242
158,158,Electricity,Reduce electricity usage during peak hours,High,2026-02-10 19:49:57.906242
159,159,Electricity,Reduce electricity usage during peak hours,High,2026-02-10 19:49:57.906243
160,160,Electricity,Reduce electricity usage during peak hours,High,2026-02-10 19:49:57.906244
161,161,Electricity,Reduce electricity usage during peak hours,High,2026-02-10 19:49:57.906244
162,162,Electricity,Reduce electricity usage during peak hours,Low,2026-02-10 19:49:57.906245
163,163,Electricity,Reduce electricity usage during peak hours,High,2026-02-10 19:49:57.906245
164,164,Electricity,Reduce electricity usage during peak hours,Medium,2026-02-10 19:49:57.906246
165,165,Electricity,Reduce electricity usage during peak hours,High,2026-02-10 19:49:57.906247
166,166,Electricity,Reduce electricity usage during peak hours,Medium,2026-02-10 19:49:57.906247
167,167,Electricity,Reduce electricity usage during peak hours,Low,2026-02-10 19:49:57.906248
168,168,Electricity,Reduce electricity usage during peak hours,High,2026-02-10 19:49:57.906249
169,169,Electricity,Reduce electricity usage during peak hours,High,2026-02-10 19:49:57.906249
170,170,Electricity,Reduce electricity usage during peak hours,High,2026-02-10 19:49:57.906250
171,171,Electricity,Reduce electricity usage during peak hours,Low,2026-02-10 19:49:57.906251
172,172,Electricity,Reduce electricity usage during peak hours,Medium,2026-02-10 19:49:57.906251
173,173,Electricity,Reduce electricity usage during peak hours,High,2026-02-10 19:49:57.906252
174,174,Electricity,Reduce electricity usage during peak hours,Medium,2026-02-10 19:49:57.906253
175,175,Electricity,Reduce electricity usage during peak hours,Medium,2026-02-10 19:49:57.906254
176,176,Electricity,Reduce electricity usage during peak hours,Medium,2026-02-10 19:49:57.906254
177,177,Electricity,Reduce electricity usage during peak hours,Medium,2026-02-10 19:49:57.906255
178,178,Electricity,Reduce electricity usage during peak hours,Low,2026-02-10 19:49:57.906256
179,179,Electricity,Reduce electricity usage during peak hours,Medium,2026-02-10 19:49:57.906256
180,180,Electricity,Reduce electricity usage during peak hours,Medium,2026-02-10 19:49:57.906257
181,181,Electricity,Reduce electricity usage during peak hours,High,2026-02-10 19:49:57.906258
182,182,Electricity,Reduce electricity usage during peak hours,Low,2026-02-10 19:49:57.906258
183,183,Electricity,Reduce electricity usage during peak hours,High,2026-02-10 19:49:57.906259
184,184,Electricity,Reduce electricity usage during peak hours,High,2026-02-10 19:49:57.906260
185,185,Electricity,Reduce electricity usage during peak hours,Low,2026-02-10 19:49:57.906260
186,186,Electricity,Reduce electricity usage during peak hours,Medium,2026-02-10 19:49:57.906261
187,187,Electricity,Reduce electricity usage during peak hours,High,2026-02-10 19:49:57.906262
188,188,Electricity,Reduce electricity usage during peak hours,High,2026-02-10 19:49:57.906263
189,189,Electricity,Reduce electricity usage during peak hours,High,2026-02-10 19:49:57.906263
190,190,Electricity,Reduce electricity usage during peak hours,Low,2026-02-10 19:49:57.906264
191,191,Electricity,Reduce electricity usage during peak hours,Low,2026-02-10 19:49:57.906265
192,192,Electricity,Reduce electricity usage during peak hours,Medium,2026-02-10 19:49:57.906265
193,193,Electricity,Reduce electricity usage during peak hours,Low,2026-02-10 19:49:57.906266
194,194,Electricity,Reduce electricity usage during peak hours,Low,2026-02-10 19:49:57.906267
195,195,Electricity,Reduce electricity usage during peak hours,Low,2026-02-10 19:49:57.906267
196,196,Electricity,Reduce electricity usage during peak hours,Low,2026-02-10 19:49:57.906268
197,197,Electricity,Reduce electricity usage during peak hours,High,2026-02-10 19:49:57.906269
198,198,Electricity,Reduce electricity usage during peak hours,Low,2026-02-10 19:49:57.906269
199,199,Electricity,Reduce electricity usage during peak hours,Low,2026-02-10 19:49:57.906270
200,200,Electricity,Reduce electricity usage during peak hours,High,2026-02-10 19:49:57.906270
201,201,Electricity,Reduce electricity usage during peak hours,Low,2026-02-10 19:49:57.906271
202,202,Electricity,Reduce electricity usage during peak hours,High,2026-02-10 19:49:57.906272
203,203,Electricity,Reduce electricity usage during peak hours,Low,2026-02-10 19:49:57.906273
204,204,Electricity,Reduce electricity usage during peak hours,High,2026-02-10 19:49:57.906274
205,205,Electricity,Reduce electricity usage during peak hours,Medium,2026-02-10 19:49:57.906274
206,206,Electricity,Reduce electricity usage during peak hours,Medium,2026-02-10 19:49:57.906275
207,207,Electricity,Reduce electricity usage during peak hours,High,2026-02-10 19:49:57.906276
208,208,Electricity,Reduce electricity usage during peak hours,High,2026-02-10 19:49:57.906276
209,209,Electricity,Reduce electricity usage during peak hours,Low,2026-02-10 19:49:57.906277
210,210,Electricity,Reduce electricity usage during peak hours,High,2026-02-10 19:49:57.906278
211,211,Electricity,Reduce electricity usage during peak hours,Medium,2026-02-10 19:49:57.906278
212,212,Electricity,Reduce electricity usage during peak hours,Low,2026-02-10 19:49:57.906279
213,213,Electricity,Reduce electricity usage during peak hours,Medium,2026-02-10 19:49:57.906280
214,214,Electricity,Reduce electricity usage during peak hours,High,2026-02-10 19:49:57.906280
215,215,Electricity,Reduce electricity usage during peak hours,Low,2026-02-10 19:49:57.906281
216,216,Electricity,Reduce electricity usage during peak hours,High,2026-02-10 19:49:57.906282
217,217,Electricity,Reduce electricity usage during peak hours,Medium,2026-02-10 19:49:57.906282
218,218,Electricity,Reduce electricity usage during peak hours,Low,2026-02-10 19:49:57.906283
219,219,Electricity,Reduce electricity usage during peak hours,Low,2026-02-10 19:49:57.906284
220,220,Electricity,Reduce electricity usage during peak hours,High,2026-02-10 19:49:57.906284
221,221,Electricity,Reduce electricity usage during peak hours,High,2026-02-10 19:49:57.906285
222,222,Electricity,Reduce electricity usage during peak hours,Medium,2026-02-10 19:49:57.906286
223,223,Electricity,Reduce electricity usage during peak hours,Low,2026-02-10 19:49:57.906286
224,224,Electricity,Reduce electricity usage during peak hours,Medium,2026-02-10 19:49:57.906287
225,225,Electricity,Reduce electricity usage during peak hours,High,2026-02-10 19:49:57.906288
226,226,Electricity,Reduce electricity usage during peak hours,Low,2026-02-10 19:49:57.906288
227,227,Electricity,Reduce electricity usage during peak hours,Medium,2026-02-10 19:49:57.906289
228,228,Electricity,Reduce electricity usage during peak hours,Low,2026-02-10 19:49:57.906290
229,229,Electricity,Reduce electricity usage during peak hours,High,2026-02-10 19:49:57.906290
230,230,Electricity,Reduce electricity usage during peak hours,Medium,2026-02-10 19:49:57.906291
231,231,Electricity,Reduce electricity usage during peak hours,High,2026-02-10 19:49:57.906292
232,232,Electricity,Reduce electricity usage during peak hours,Medium,2026-02-10 19:49:57.906292
233,233,Electricity,Reduce electricity usage during peak hours,Low,2026-02-10 19:49:57.906293
234,234,Electricity,Reduce electricity usage during peak hours,Medium,2026-02-10 19:49:57.906294
235,235,Electricity,Reduce electricity usage during peak hours,Low,2026-02-10 19:49:57.906295
236,236,Electricity,Reduce electricity usage during peak hours,Medium,2026-02-10 19:49:57.906295
237,237,Electricity,Reduce electricity usage during peak hours,High,2026-02-10 19:49:57.906296
238,238,Electricity,Reduce electricity usage during peak hours,Low,2026-02-10 19:49:57.906297
239,239,Electricity,Reduce electricity usage during peak hours,Medium,2026-02-10 19:49:57.906298
240,240,Electricity,Reduce electricity usage during peak hours,High,2026-02-10 19:49:57.906298
241,241,Electricity,Reduce electricity usage during peak hours,Medium,2026-02-10 19:49:57.906299
242,242,Electricity,Reduce electricity usage during peak hours,Medium,2026-02-10 19:49:57.906299
243,243,Electricity,Reduce electricity usage during peak hours,Low,2026-02-10 19:49:57.906300
244,244,Electricity,Reduce electricity usage during peak hours,Low,2026-02-10 19:49:57.906301
245,245,Electricity,Reduce electricity usage during peak hours,Low,2026-02-10 19:49:57.906301
246,246,Electricity,Reduce electricity usage during peak hours,Low,2026-02-10 19:49:57.906302
247,247,Electricity,Reduce electricity usage during peak hours,High,2026-02-10 19:49:57.906303
248,248,Electricity,Reduce electricity usage during peak hours,Low,2026-02-10 19:49:57.906303
249,249,Electricity,Reduce electricity usage during peak hours,Medium,2026-02-10 19:49:57.906304
250,250,Electricity,Reduce electricity usage during peak hours,Medium,2026-02-10 19:49:57.906305
251,251,Electricity,Reduce electricity usage during peak hours,Medium,2026-02-10 19:49:57.906305
252,252,Electricity,Reduce electricity usage during peak hours,Low,2026-02-10 19:49:57.906306
253,253,Electricity,Reduce electricity usage during peak hours,Medium,2026-02-10 19:49:57.906307
254,254,Electricity,Reduce electricity usage during peak hours,High,2026-02-10 19:49:57.906307
255,255,Electricity,Reduce electricity usage during peak hours,High,2026-02-10 19:49:57.906308
256,256,Electricity,Reduce electricity usage during peak hours,High,2026-02-10 19:49:57.906309
257,257,Electricity,Reduce electricity usage during peak hours,Medium,2026-02-10 19:49:57.906309
258,258,Electricity,Reduce electricity usage during peak hours,High,2026-02-10 19:49:57.906310
259,259,Electricity,Reduce electricity usage during peak hours,Low,2026-02-10 19:49:57.906311
260,260,Electricity,Reduce electricity usage during peak hours,High,2026-02-10 19:49:57.906312
261,261,Electricity,Reduce electricity usage during peak hours,Medium,2026-02-10 19:49:57.906312
262,262,Electricity,Reduce electricity usage during peak hours,Medium,2026-02-10 19:49:57.906313
263,263,Electricity,Reduce electricity usage during peak hours,Low,2026-02-10 19:49:57.906314
264,264,Electricity,Reduce electricity usage during peak hours,Low,2026-02-10 19:49:57.906314
265,265,Electricity,Reduce electricity usage during peak hours,Medium,2026-02-10 19:49:57.906315
266,266,Electricity,Reduce electricity usage during peak hours,Medium,2026-02-10 19:49:57.906316
267,267,Electricity,Reduce electricity usage during peak hours,Medium,2026-02-10 19:49:57.906317
268,268,Electricity,Reduce electricity usage during peak hours,High,2026-02-10 19:49:57.906317
269,269,Electricity,Reduce electricity usage during peak hours,Low,2026-02-10 19:49:57.906318
270,270,Electricity,Reduce electricity usage during peak hours,Medium,2026-02-10 19:49:57.906320
271,271,Electricity,Reduce electricity usage during peak hours,Low,2026-02-10 19:49:57.906320
272,272,Electricity,Reduce electricity usage during peak hours,Low,2026-02-10 19:49:57.906321
273,273,Electricity,Reduce electricity usage during peak hours,Medium,2026-02-10 19:49:57.906322
274,274,Electricity,Reduce electricity usage during peak hours,High,2026-02-10 19:49:57.906322
275,275,Electricity,Reduce electricity usage during peak hours,Low,2026-02-10 19:49:57.906323
276,276,Electricity,Reduce electricity usage during peak hours,Low,2026-02-10 19:49:57.906324
277,277,Electricity,Reduce electricity usage during peak hours,High,2026-02-10 19:49:57.906324
278,278,Electricity,Reduce electricity usage during peak hours,Low,2026-02-10 19:49:57.906325
279,279,Electricity,Reduce electricity usage during peak hours,Low,2026-02-10 19:49:57.906326
280,280,Electricity,Reduce electricity usage during peak hours,High,2026-02-10 19:49:57.906326
281,281,Electricity,Reduce electricity usage during peak hours,Low,2026-02-10 19:49:57.906327
282,282,Electricity,Reduce electricity usage during peak hours,Medium,2026-02-10 19:49:57.906328
283,283,Electricity,Reduce electricity usage during peak hours,Medium,2026-02-10 19:49:57.906328
284,284,Electricity,Reduce electricity usage during peak hours,Low,2026-02-10 19:49:57.906329
285,285,Electricity,Reduce electricity usage during peak hours,Low,2026-02-10 19:49:57.906330
286,286,Electricity,Reduce electricity usage during peak hours,Low,2026-02-10 19:49:57.906330
287,287,Electricity,Reduce electricity usage during peak hours,Medium,2026-02-10 19:49:57.906331
288,288,Electricity,Reduce electricity usage during peak hours,High,2026-02-10 19:49:57.906332
289,289,Electricity,Reduce electricity usage during peak hours,Medium,2026-02-10 19:49:57.906332
290,290,Electricity,Reduce electricity usage during peak hours,Medium,2026-02-10 19:49:57.906333
291,291,Electricity,Reduce electricity usage during peak hours,High,2026-02-10 19:49:57.906334
292,292,Electricity,Reduce electricity usage during peak hours,Low,2026-02-10 19:49:57.906334
293,293,Electricity,Reduce electricity usage during peak hours,Low,2026-02-10 19:49:57.906335
294,294,Electricity,Reduce electricity usage during peak hours,High,2026-02-10 19:49:57.906336
295,295,Electricity,Reduce electricity usage during peak hours,Medium,2026-02-10 19:49:57.906336
296,296,Electricity,Reduce electricity usage during peak hours,Medium,2026-02-10 19:49:57.906337
297,297,Electricity,Reduce electricity usage during peak hours,High,2026-02-10 19:49:57.906338
298,298,Electricity,Reduce electricity usage during peak hours,Medium,2026-02-10 19:49:57.906339
299,299,Electricity,Reduce electricity usage during peak hours,Low,2026-02-10 19:49:57.906339
300,300,Electricity,Reduce electricity usage during peak hours,Medium,2026-02-10 19:49:57.906340
301,301,Electricity,Reduce electricity usage during peak hours,High,2026-02-10 19:49:57.906341
302,302,Electricity,Reduce electricity usage during peak hours,Low,2026-02-10 19:49:57.906341
303,303,Electricity,Reduce electricity usage during peak hours,Low,2026-02-10 19:49:57.906342
304,304,Electricity,Reduce electricity usage during peak hours,Low,2026-02-10 19:49:57.906343
305,305,Electricity,Reduce electricity usage during peak hours,Low,2026-02-10 19:49:57.906343
306,306,Electricity,Reduce electricity usage during peak hours,High,2026-02-10 19:49:57.906344
307,307,Electricity,Reduce electricity usage during peak hours,High,2026-02-10 19:49:57.906345
308,308,Electricity,Reduce electricity usage during peak hours,High,2026-02-10 19:49:57.906345
309,309,Electricity,Reduce electricity usage during peak hours,Low,2026-02-10 19:49:57.906346
310,310,Electricity,Reduce electricity usage during peak hours,Medium,2026-02-10 19:49:57.906348
311,311,Electricity,Reduce electricity usage during peak hours,High,2026-02-10 19:49:57.906348
312,312,Electricity,Reduce electricity usage during peak hours,Low,2026-02-10 19:49:57.906349
313,313,Electricity,Reduce electricity usage during peak hours,Low,2026-02-10 19:49:57.906350
314,314,Electricity,Reduce electricity usage during peak hours,High,2026-02-10 19:49:57.906350
315,315,Electricity,Reduce electricity usage during peak hours,Low,2026-02-10 19:49:57.906351
316,316,Electricity,Reduce electricity usage during peak hours,High,2026-02-10 19:49:57.906352
317,317,Electricity,Reduce electricity usage during peak hours,High,2026-02-10 19:49:57.906352
318,318,Electricity,Reduce electricity usage during peak hours,Low,2026-02-10 19:49:57.906353
319,319,Electricity,Reduce electricity usage during peak hours,Low,2026-02-10 19:49:57.906354
320,320,Electricity,Reduce electricity usage during peak hours,High,2026-02-10 19:49:57.906354
321,321,Electricity,Reduce electricity usage during peak hours,High,2026-02-10 19:49:57.906355
322,322,Electricity,Reduce electricity usage during peak hours,Medium,2026-02-10 19:49:57.906356
323,323,Electricity,Reduce electricity usage during peak hours,High,2026-02-10 19:49:57.906356
324,324,Electricity,Reduce electricity usage during peak hours,High,2026-02-10 19:49:57.906357
325,325,Electricity,Reduce electricity usage during peak hours,Low,2026-02-10 19:49:57.906358
326,326,Electricity,Reduce electricity usage during peak hours,Medium,2026-02-10 19:49:57.906358
327,327,Electricity,Reduce electricity usage during peak hours,Medium,2026-02-10 19:49:57.906359
328,328,Electricity,Reduce electricity usage during peak hours,High,2026-02-10 19:49:57.906360
329,329,Electricity,Reduce electricity usage during peak hours,High,2026-02-10 19:49:57.906360
330,330,Electricity,Reduce electricity usage during peak hours,Medium,2026-02-10 19:49:57.906361
331,331,Electricity,Reduce electricity usage during peak hours,Low,2026-02-10 19:49:57.906362
332,332,Electricity,Reduce electricity usage during peak hours,High,2026-02-10 19:49:57.906362
333,333,Electricity,Reduce electricity usage during peak hours,Medium,2026-02-10 19:49:57.906363
334,334,Electricity,Reduce electricity usage during peak hours,Low,2026-02-10 19:49:57.906364
335,335,Electricity,Reduce electricity usage during peak hours,Low,2026-02-10 19:49:57.906364
336,336,Electricity,Reduce electricity usage during peak hours,Low,2026-02-10 19:49:57.906366
337,337,Electricity,Reduce electricity usage during peak hours,Medium,2026-02-10 19:49:57.906366
338,338,Electricity,Reduce electricity usage during peak hours,Medium,2026-02-10 19:49:57.906367
339,339,Electricity,Reduce electricity usage during peak hours,Low,2026-02-10 19:49:57.906368
340,340,Electricity,Reduce electricity usage during peak hours,Low,2026-02-10 19:49:57.906368
341,341,Electricity,Reduce electricity usage during peak hours,High,2026-02-10 19:49:57.906369
342,342,Electricity,Reduce electricity usage during peak hours,Medium,2026-02-10 19:49:57.906370
343,343,Electricity,Reduce electricity usage during peak hours,High,2026-02-10 19:49:57.906370
344,344,Electricity,Reduce electricity usage during peak hours,Low,2026-02-10 19:49:57.906371
345,345,Electricity,Reduce electricity usage during peak hours,Medium,2026-02-10 19:49:57.906372
346,346,Electricity,Reduce electricity usage during peak hours,Low,2026-02-10 19:49:57.906372
347,347,Electricity,Reduce electricity usage during peak hours,Medium,2026-02-10 19:49:57.906373
348,348,Electricity,Reduce electricity usage during peak hours,High,2026-02-10 19:49:57.906374
349,349,Electricity,Reduce electricity usage during peak hours,Medium,2026-02-10 19:49:57.906374
350,350,Electricity,Reduce electricity usage during peak hours,High,2026-02-10 19:49:57.906375
351,351,Electricity,Reduce electricity usage during peak hours,High,2026-02-10 19:49:57.906375
352,352,Electricity,Reduce electricity usage during peak hours,Medium,2026-02-10 19:49:57.906376
353,353,Electricity,Reduce electricity usage during peak hours,Medium,2026-02-10 19:49:57.906377
354,354,Electricity,Reduce electricity usage during peak hours,Medium,2026-02-10 19:49:57.906379
355,355,Electricity,Reduce electricity usage during peak hours,Low,2026-02-10 19:49:57.906380
356,356,Electricity,Reduce electricity usage during peak hours,Low,2026-02-10 19:49:57.906381
357,357,Electricity,Reduce electricity usage during peak hours,Low,2026-02-10 19:49:57.906381
358,358,Electricity,Reduce electricity usage during peak hours,High,2026-02-10 19:49:57.906382
359,359,Electricity,Reduce electricity usage during peak hours,High,2026-02-10 19:49:57.906383
360,360,Electricity,Reduce electricity usage during peak hours,High,2026-02-10 19:49:57.906384
361,361,Electricity,Reduce electricity usage during peak hours,High,2026-02-10 19:49:57.906384
362,362,Electricity,Reduce electricity usage during peak hours,Low,2026-02-10 19:49:57.906385
363,363,Electricity,Reduce electricity usage during peak hours,High,2026-02-10 19:49:57.906386
364,364,Electricity,Reduce electricity usage during peak hours,High,2026-02-10 19:49:57.906387
365,365,Electricity,Reduce electricity usage during peak hours,Medium,2026-02-10 19:49:57.906387
366,366,Electricity,Reduce electricity usage during peak hours,Medium,2026-02-10 19:49:57.906388
367,367,Electricity,Reduce electricity usage during peak hours,Low,2026-02-10 19:49:57.906389
368,368,Electricity,Reduce electricity usage during peak hours,Low,2026-02-10 19:49:57.906389
369,369,Electricity,Reduce electricity usage during peak hours,Medium,2026-02-10 19:49:57.906390
370,370,Electricity,Reduce electricity usage during peak hours,Medium,2026-02-10 19:49:57.906391
371,371,Electricity,Reduce electricity usage during peak hours,Low,2026-02-10 19:49:57.906391
372,372,Electricity,Reduce electricity usage during peak hours,Low,2026-02-10 19:49:57.906392
373,373,Electricity,Reduce electricity usage during peak hours,Medium,2026-02-10 19:49:57.906393
374,374,Electricity,Reduce electricity usage during peak hours,Low,2026-02-10 19:49:57.906393
375,375,Electricity,Reduce electricity usage during peak hours,High,2026-02-10 19:49:57.906394
376,376,Electricity,Reduce electricity usage during peak hours,Medium,2026-02-10 19:49:57.906395
377,377,Electricity,Reduce electricity usage during peak hours,High,2026-02-10 19:49:57.906395
378,378,Electricity,Reduce electricity usage during peak hours,Low,2026-02-10 19:49:57.906396
379,379,Electricity,Reduce electricity usage during peak hours,Medium,2026-02-10 19:49:57.906397
380,380,Electricity,Reduce electricity usage during peak hours,High,2026-02-10 19:49:57.906398
381,381,Electricity,Reduce electricity usage during peak hours,Medium,2026-02-10 19:49:57.906398
382,382,Electricity,Reduce electricity usage during peak hours,Medium,2026-02-10 19:49:57.906399
383,383,Electricity,Reduce electricity usage during peak hours,Low,2026-02-10 19:49:57.906400
384,384,Electricity,Reduce electricity usage during peak hours,High,2026-02-10 19:49:57.906400
385,385,Electricity,Reduce electricity usage during peak hours,Low,2026-02-10 19:49:57.906401
386,386,Electricity,Reduce electricity usage during peak hours,High,2026-02-10 19:49:57.906402
387,387,Electricity,Reduce electricity usage during peak hours,High,2026-02-10 19:49:57.906402
388,388,Electricity,Reduce electricity usage during peak hours,Medium,2026-02-10 19:49:57.906403
389,389,Electricity,Reduce electricity usage during peak hours,High,2026-02-10 19:49:57.906404
390,390,Electricity,Reduce electricity usage during peak hours,Low,2026-02-10 19:49:57.906404
391,391,Electricity,Reduce electricity usage during peak hours,High,2026-02-10 19:49:57.906405
392,392,Electricity,Reduce electricity usage during peak hours,High,2026-02-10 19:49:57.906406
393,393,Electricity,Reduce electricity usage during peak hours,High,2026-02-10 19:49:57.906406
394,394,Electricity,Reduce electricity usage during peak hours,High,2026-02-10 19:49:57.906407
395,395,Electricity,Reduce electricity usage during peak hours,High,2026-02-10 19:49:57.906408
396,396,Electricity,Reduce electricity usage during peak hours,Medium,2026-02-10 19:49:57.906408
397,397,Electricity,Reduce electricity usage during peak hours,High,2026-02-10 19:49:57.906409
398,398,Electricity,Reduce electricity usage during peak hours,Medium,2026-02-10 19:49:57.906410
399,399,Electricity,Reduce electricity usage during peak hours,Low,2026-02-10 19:49:57.906410
400,400,Electricity,Reduce electricity usage during peak hours,Low,2026-02-10 19:49:57.906411
401,401,Electricity,Reduce electricity usage during peak hours,Low,2026-02-10 19:49:57.906412
402,402,Electricity,Reduce electricity usage during peak hours,Low,2026-02-10 19:49:57.906414
403,403,Electricity,Reduce electricity usage during peak hours,High,2026-02-10 19:49:57.906414
404,404,Electricity,Reduce electricity usage during peak hours,Low,2026-02-10 19:49:57.906415
405,405,Electricity,Reduce electricity usage during peak hours,Low,2026-02-10 19:49:57.906416
406,406,Electricity,Reduce electricity usage during peak hours,High,2026-02-10 19:49:57.906417
407,407,Electricity,Reduce electricity usage during peak hours,High,2026-02-10 19:49:57.906422
408,408,Electricity,Reduce electricity usage during peak hours,Medium,2026-02-10 19:49:57.906423
409,409,Electricity,Reduce electricity usage during peak hours,Medium,2026-02-10 19:49:57.906423
410,410,Electricity,Reduce electricity usage during peak hours,Low,2026-02-10 19:49:57.906424
411,411,Electricity,Reduce electricity usage during peak hours,High,2026-02-10 19:49:57.906425
412,412,Electricity,Reduce electricity usage during peak hours,Low,2026-02-10 19:49:57.906425
413,413,Electricity,Reduce electricity usage during peak hours,Medium,2026-02-10 19:49:57.906426
414,414,Electricity,Reduce electricity usage during peak hours,Medium,2026-02-10 19:49:57.906427
415,415,Electricity,Reduce electricity usage during peak hours,High,2026-02-10 19:49:57.906428
416,416,Electricity,Reduce electricity usage during peak hours,Medium,2026-02-10 19:49:57.906428
417,417,Electricity,Reduce electricity usage during peak hours,Low,2026-02-10 19:49:57.906429
418,418,Electricity,Reduce electricity usage during peak hours,High,2026-02-10 19:49:57.906430
419,419,Electricity,Reduce electricity usage during peak hours,High,2026-02-10 19:49:57.906430
420,420,Electricity,Reduce electricity usage during peak hours,Low,2026-02-10 19:49:57.906431
421,421,Electricity,Reduce electricity usage during peak hours,High,2026-02-10 19:49:57.906432
422,422,Electricity,Reduce electricity usage during peak hours,Medium,2026-02-10 19:49:57.906432
423,423,Electricity,Reduce electricity usage during peak hours,High,2026-02-10 19:49:57.906433
424,424,Electricity,Reduce electricity usage during peak hours,Low,2026-02-10 19:49:57.906434
425,425,Electricity,Reduce electricity usage during peak hours,Medium,2026-02-10 19:49:57.906434
426,426,Electricity,Reduce electricity usage during peak hours,Low,2026-02-10 19:49:57.906435
427,427,Electricity,Reduce electricity usage during peak hours,Low,2026-02-10 19:49:57.906436
428,428,Electricity,Reduce electricity usage during peak hours,High,2026-02-10 19:49:57.906436
429,429,Electricity,Reduce electricity usage during peak hours,Medium,2026-02-10 19:49:57.906437
430,430,Electricity,Reduce electricity usage during peak hours,Medium,2026-02-10 19:49:57.906438
431,431,Electricity,Reduce electricity usage during peak hours,Low,2026-02-10 19:49:57.906438
432,432,Electricity,Reduce electricity usage during peak hours,Low,2026-02-10 19:49:57.906439
433,433,Electricity,Reduce electricity usage during peak hours,High,2026-02-10 19:49:57.906440
434,434,Electricity,Reduce electricity usage during peak hours,Medium,2026-02-10 19:49:57.906440
435,435,Electricity,Reduce electricity usage during peak hours,High,2026-02-10 19:49:57.906441
436,436,Electricity,Reduce electricity usage during peak hours,Medium,2026-02-10 19:49:57.906442
437,437,Electricity,Reduce electricity usage during peak hours,Medium,2026-02-10 19:49:57.906443
438,438,Electricity,Reduce electricity usage during peak hours,Low,2026-02-10 19:49:57.906443
439,439,Electricity,Reduce electricity usage during peak hours,Medium,2026-02-10 19:49:57.906444
440,440,Electricity,Reduce electricity usage during peak hours,High,2026-02-10 19:49:57.906445
441,441,Electricity,Reduce electricity usage during peak hours,Low,2026-02-10 19:49:57.906445
442,442,Electricity,Reduce electricity usage during peak hours,Medium,2026-02-10 19:49:57.906446
443,443,Electricity,Reduce electricity usage during peak hours,Low,2026-02-10 19:49:57.906447
444,444,Electricity,Reduce electricity usage during peak hours,Low,2026-02-10 19:49:57.906447
445,445,Electricity,Reduce electricity usage during peak hours,Low,2026-02-10 19:49:57.906448
446,446,Electricity,Reduce electricity usage during peak hours,Medium,2026-02-10 19:49:57.906449
447,447,Electricity,Reduce electricity usage during peak hours,High,2026-02-10 19:49:57.906449
448,448,Electricity,Reduce electricity usage during peak hours,Low,2026-02-10 19:49:57.906450
449,449,Electricity,Reduce electricity usage during peak hours,Medium,2026-02-10 19:49:57.906451
450,450,Electricity,Reduce electricity usage during peak hours,Low,2026-02-10 19:49:57.906451
451,451,Electricity,Reduce electricity usage during peak hours,Low,2026-02-10 19:49:57.906452
452,452,Electricity,Reduce electricity usage during peak hours,Medium,2026-02-10 19:49:57.906453
453,453,Electricity,Reduce electricity usage during peak hours,Low,2026-02-10 19:49:57.906454
454,454,Electricity,Reduce electricity usage during peak hours,High,2026-02-10 19:49:57.906454
455,455,Electricity,Reduce electricity usage during peak hours,Low,2026-02-10 19:49:57.906455
456,456,Electricity,Reduce electricity usage during peak hours,Medium,2026-02-10 19:49:57.906456
457,457,Electricity,Reduce electricity usage during peak hours,Medium,2026-02-10 19:49:57.906456
458,458,Electricity,Reduce electricity usage during peak hours,High,2026-02-10 19:49:57.906458
459,459,Electricity,Reduce electricity usage during peak hours,Low,2026-02-10 19:49:57.906458
460,460,Electricity,Reduce electricity usage during peak hours,Low,2026-02-10 19:49:57.906459
461,461,Electricity,Reduce electricity usage during peak hours,Medium,2026-02-10 19:49:57.906460
462,462,Electricity,Reduce electricity usage during peak hours,Medium,2026-02-10 19:49:57.906461
463,463,Electricity,Reduce electricity usage during peak hours,High,2026-02-10 19:49:57.906461
464,464,Electricity,Reduce electricity usage during peak hours,Medium,2026-02-10 19:49:57.906462
465,465,Electricity,Reduce electricity usage during peak hours,Medium,2026-02-10 19:49:57.906463
466,466,Electricity,Reduce electricity usage during peak hours,Low,2026-02-10 19:49:57.906463
467,467,Electricity,Reduce electricity usage during peak hours,Low,2026-02-10 19:49:57.906464
468,468,Electricity,Reduce electricity usage during peak hours,High,2026-02-10 19:49:57.906465
469,469,Electricity,Reduce electricity usage during peak hours,High,2026-02-10 19:49:57.906465
470,470,Electricity,Reduce electricity usage during peak hours,High,2026-02-10 19:49:57.906466
471,471,Electricity,Reduce electricity usage during peak hours,Low,2026-02-10 19:49:57.906467
472,472,Electricity,Reduce electricity usage during peak hours,High,2026-02-10 19:49:57.906467
473,473,Electricity,Reduce electricity usage during peak hours,Low,2026-02-10 19:49:57.906468
474,474,Electricity,Reduce electricity usage during peak hours,Medium,2026-02-10 19:49:57.906469
475,475,Electricity,Reduce electricity usage during peak hours,Low,2026-02-10 19:49:57.906470
476,476,Electricity,Reduce electricity usage during peak hours,Low,2026-02-10 19:49:57.906470
477,477,Electricity,Reduce electricity usage during peak hours,Medium,2026-02-10 19:49:57.906471
478,478,Electricity,Reduce electricity usage during peak hours,High,2026-02-10 19:49:57.906472
479,479,Electricity,Reduce electricity usage during peak hours,Medium,2026-02-10 19:49:57.906472
480,480,Electricity,Reduce electricity usage during peak hours,High,2026-02-10 19:49:57.906473
481,481,Electricity,Reduce electricity usage during peak hours,High,2026-02-10 19:49:57.906474
482,482,Electricity,Reduce electricity usage during peak hours,Low,2026-02-10 19:49:57.906474
483,483,Electricity,Reduce electricity usage during peak hours,Low,2026-02-10 19:49:57.906475
484,484,Electricity,Reduce electricity usage during peak hours,Medium,2026-02-10 19:49:57.906476
485,485,Electricity,Reduce electricity usage during peak hours,Medium,2026-02-10 19:49:57.906477
486,486,Electricity,Reduce electricity usage during peak hours,Low,2026-02-10 19:49:57.906477
487,487,Electricity,Reduce electricity usage during peak hours,High,2026-02-10 19:49:57.906478
488,488,Electricity,Reduce electricity usage during peak hours,High,2026-02-10 19:49:57.906479
489,489,Electricity,Reduce electricity usage during peak hours,Low,2026-02-10 19:49:57.906479
490,490,Electricity,Reduce electricity usage during peak hours,Medium,2026-02-10 19:49:57.906480
491,491,Electricity,Reduce electricity usage during peak hours,High,2026-02-10 19:49:57.906481
492,492,Electricity,Reduce electricity usage during peak hours,High,2026-02-10 19:49:57.906481
493,493,Electricity,Reduce electricity usage during peak hours,High,2026-02-10 19:49:57.906482
494,494,Electricity,Reduce electricity usage during peak hours,Low,2026-02-10 19:49:57.906483
495,495,Electricity,Reduce electricity usage during peak hours,Medium,2026-02-10 19:49:57.906483
496,496,Electricity,Reduce electricity usage during peak hours,High,2026-02-10 19:49:57.906484
497,497,Electricity,Reduce electricity usage during peak hours,Medium,2026-02-10 19:49:57.906485
498,498,Electricity,Reduce electricity usage during peak hours,High,2026-02-10 19:49:57.906485
499,499,Electricity,Reduce electricity usage during peak hours,Medium,2026-02-10 19:49:57.906486
500,500,Electricity,Reduce electricity usage during peak hours,Low,2026-02-10 19:49:57.906487
